Workbook

Sheet Janvier 2026
B1: ACE COMPTA | I1: SASU MARIE MACRI HAIRSTYLE
B2: 15 Rue Jean Mermoz | I2: 5 rue de Turenne
B4: 68127 Sainte-croix-en-plaine | I4: 68000 COLMAR
F6: 168156014 SASU MARIE MACRI HAIRSTYLE
B7: Période: | C7: Janvier 2026
B9: RECETTES | F9: DEPENSES
B10: Prestations TTC | C10: Produits TTC | D10: Cartes Cadeaux | E10: Total | F10: Réglements CB | G10: Réglements CB en ligne | H10: Réglements chèques | I10: Réglements cartes cadeaux | J10: Réglements autres | K10: Total | L10: Solde Progressif
A11: Jour
A12: 1 | B12: 0 | C12: 0 | E12: =SUM(B12:D12) -> 0 | F12: 0 | I12: 0 | K12: =SUM(F12:J12) -> 0 | L12: =SUM(L11+E12-K12) -> 0
A13: 2 | B13: 0 | C13: 0 | E13: =SUM(B13:D13) -> 0 | F13: 0 | I13: 0 | K13: =SUM(F13:J13) -> 0 | L13: =SUM(L12+E13-K13) -> 0
A14: 3 | B14: 0 | C14: 0 | E14: =SUM(B14:D14) -> 0 | F14: 0 | I14: 0 | K14: =SUM(F14:J14) -> 0 | L14: =SUM(L13+E14-K14) -> 0
A15: 4 | B15: 0 | C15: 0 | E15: =SUM(B15:D15) -> 0 | F15: 0 | I15: 0 | K15: =SUM(F15:J15) -> 0 | L15: =SUM(L14+E15-K15) -> 0
A16: 5 | B16: 49.5 | C16: 0 | E16: =SUM(B16:D16) -> 49.5 | F16: 49.5 | I16: 0 | K16: =SUM(F16:J16) -> 49.5 | L16: =SUM(L15+E16-K16) -> 0
A17: 6 | B17: 0 | C17: 0 | E17: =SUM(B17:D17) -> 0 | F17: 0 | I17: 0 | K17: =SUM(F17:J17) -> 0 | L17: =SUM(L16+E17-K17) -> 0
A18: 7 | B18: 0 | C18: 0 | E18: =SUM(B18:D18) -> 0 | F18: 0 | I18: 0 | K18: =SUM(F18:J18) -> 0 | L18: =SUM(L17+E18-K18) -> 0
A19: 8 | B19: 984.1 | C19: 49.45 | E19: =SUM(B19:D19) -> 1033.55 | F19: 984.05 | I19: 0 | K19: =SUM(F19:J19) -> 984.05 | L19: =SUM(L18+E19-K19) -> 49.5
A20: 9 | B20: 322.8 | C20: 5.9 | E20: =SUM(B20:D20) -> 328.7 | F20: 289.9 | I20: 0 | K20: =SUM(F20:J20) -> 289.9 | L20: =SUM(L19+E20-K20) -> 88.3
A21: 10 | B21: 1334.8 | C21: 25.45 | E21: =SUM(B21:D21) -> 1360.25 | F21: 1162.25 | I21: 65 | K21: =SUM(F21:J21) -> 1227.25 | L21: =SUM(L20+E21-K21) -> 221.3
A22: 11 | B22: 0 | C22: 0 | E22: =SUM(B22:D22) -> 0 | F22: 0 | I22: 0 | K22: =SUM(F22:J22) -> 0 | L22: =SUM(L21+E22-K22) -> 221.3
A23: 12 | B23: 616.9 | C23: 31.95 | E23: =SUM(B23:D23) -> 648.85 | F23: 648.85 | I23: 0 | K23: =SUM(F23:J23) -> 648.85 | L23: =SUM(L22+E23-K23) -> 221.3
... A42: 31 | B42: 1179.8 | C42: 140.35 | E42: =SUM(B42:D42) -> 1320.15 | F42: 1320.15 | I42: 0 | K42: =SUM(F42:J42) -> 1320.15 | L42: =SUM(L41+E42-K42) -> 1915.35
A43: Total | B43: =SUM(B12:B42) -> 14448.66 | C43: =SUM(C12:C42) -> 951.9 | D43: =SUM(D12:D42) -> 0 | E43: =SUM(E12:E42) -> 15400.56 | F43: =SUM(F12:F42) -> 13420.21 | G43: =SUM(G12:G42) -> 0 | H43: =SUM(H12:H42) -> 0 | I43: =SUM(I12:I42) -> 65 | ... K43: =SUM(K12:K42) -> 13485.21

Sheet Février 2026
B1: ACE COMPTA | I1: SASU MARIE MACRI HAIRSTYLE
B2: 15 Rue Jean Mermoz | I2: 5 rue de Turenne
B4: 68127 Sainte-croix-en-plaine | I4: 68000 COLMAR
F6: 168156014 SASU MARIE MACRI HAIRSTYLE
B7: Période: | C7: Février 2026
B9: RECETTES | F9: DEPENSES
B10: Prestations TTC | C10: Produits TTC | D10: Cartes Cadeaux | E10: Total | F10: Réglements CB | G10: Réglements CB en ligne | H10: Réglements chèques | I10: Réglements cartes cadeaux | J10: Réglements autres | K10: Total | L10: Solde Progressif
A11: Jour | L11: ='Janvier 2026'!L42 -> 1915.35
A12: 1 | E12: =SUM(B12:D12) -> 0 | K12: =SUM(F12:J12) -> 0 | L12: =SUM(L11+E12-K12) -> 1915.35
A13: 2 | E13: =SUM(B13:D13) -> 0 | K13: =SUM(F13:J13) -> 0 | L13: =SUM(L12+E13-K13) -> 1915.35
A14: 3 | E14: =SUM(B14:D14) -> 0 | K14: =SUM(F14:J14) -> 0 | L14: =SUM(L13+E14-K14) -> 1915.35
A15: 4 | E15: =SUM(B15:D15) -> 0 | K15: =SUM(F15:J15) -> 0 | L15: =SUM(L14+E15-K15) -> 1915.35
A16: 5 | E16: =SUM(B16:D16) -> 0 | K16: =SUM(F16:J16) -> 0 | L16: =SUM(L15+E16-K16) -> 1915.35
A17: 6 | E17: =SUM(B17:D17) -> 0 | K17: =SUM(F17:J17) -> 0 | L17: =SUM(L16+E17-K17) -> 1915.35
A18: 7 | E18: =SUM(B18:D18) -> 0 | K18: =SUM(F18:J18) -> 0 | L18: =SUM(L17+E18-K18) -> 1915.35
A19: 8 | E19: =SUM(B19:D19) -> 0 | K19: =SUM(F19:J19) -> 0 | L19: =SUM(L18+E19-K19) -> 1915.35
A20: 9 | E20: =SUM(B20:D20) -> 0 | K20: =SUM(F20:J20) -> 0 | L20: =SUM(L19+E20-K20) -> 1915.35
A21: 10 | E21: =SUM(B21:D21) -> 0 | K21: =SUM(F21:J21) -> 0 | L21: =SUM(L20+E21-K21) -> 1915.35
A22: 11 | E22: =SUM(B22:D22) -> 0 | K22: =SUM(F22:J22) -> 0 | L22: =SUM(L21+E22-K22) -> 1915.35
A23: 12 | E23: =SUM(B23:D23) -> 0 | K23: =SUM(F23:J23) -> 0 | L23: =SUM(L22+E23-K23) -> 1915.35
... A39: 28 | E39: =SUM(B39:D39) -> 0 | K39: =SUM(F39:J39) -> 0 | L39: =SUM(L38+E39-K39) -> 1915.35
A40: Total | B40: =SUM(B12:B39) -> 0 | C40: =SUM(C12:C39) -> 0 | D40: =SUM(D12:D39) -> 0 | E40: =SUM(E12:E39) -> 0 | F40: =SUM(F12:F39) -> 0 | G40: =SUM(G12:G39) -> 0 | H40: =SUM(H12:H39) -> 0 | I40: =SUM(I12:I39) -> 0 | ... K40: =SUM(K12:K39) -> 0

Sheet Mars 2026
B1: ACE COMPTA | I1: SASU MARIE MACRI HAIRSTYLE
B2: 15 Rue Jean Mermoz | I2: 5 rue de Turenne
B4: 68127 Sainte-croix-en-plaine | I4: 68000 COLMAR
F6: 168156014 SASU MARIE MACRI HAIRSTYLE
B7: Période: | C7: Mars 2026
B9: RECETTES | F9: DEPENSES
B10: Prestations TTC | C10: Produits TTC | D10: Cartes Cadeaux | E10: Total | F10: Réglements CB | G10: Réglements CB en ligne | H10: Réglements chèques | I10: Réglements cartes cadeaux | J10: Réglements autres | K10: Total | L10: Solde Progressif
A11: Jour | L11: ='Février 2026'!L39 -> 1915.35
A12: 1 | E12: =SUM(B12:D12) -> 0 | K12: =SUM(F12:J12) -> 0 | L12: =SUM(L11+E12-K12) -> 1915.35
A13: 2 | E13: =SUM(B13:D13) -> 0 | K13: =SUM(F13:J13) -> 0 | L13: =SUM(L12+E13-K13) -> 1915.35
A14: 3 | E14: =SUM(B14:D14) -> 0 | K14: =SUM(F14:J14) -> 0 | L14: =SUM(L13+E14-K14) -> 1915.35
A15: 4 | E15: =SUM(B15:D15) -> 0 | K15: =SUM(F15:J15) -> 0 | L15: =SUM(L14+E15-K15) -> 1915.35
A16: 5 | E16: =SUM(B16:D16) -> 0 | K16: =SUM(F16:J16) -> 0 | L16: =SUM(L15+E16-K16) -> 1915.35
A17: 6 | E17: =SUM(B17:D17) -> 0 | K17: =SUM(F17:J17) -> 0 | L17: =SUM(L16+E17-K17) -> 1915.35
A18: 7 | E18: =SUM(B18:D18) -> 0 | K18: =SUM(F18:J18) -> 0 | L18: =SUM(L17+E18-K18) -> 1915.35
A19: 8 | E19: =SUM(B19:D19) -> 0 | K19: =SUM(F19:J19) -> 0 | L19: =SUM(L18+E19-K19) -> 1915.35
A20: 9 | E20: =SUM(B20:D20) -> 0 | K20: =SUM(F20:J20) -> 0 | L20: =SUM(L19+E20-K20) -> 1915.35
A21: 10 | E21: =SUM(B21:D21) -> 0 | K21: =SUM(F21:J21) -> 0 | L21: =SUM(L20+E21-K21) -> 1915.35
A22: 11 | E22: =SUM(B22:D22) -> 0 | K22: =SUM(F22:J22) -> 0 | L22: =SUM(L21+E22-K22) -> 1915.35
A23: 12 | E23: =SUM(B23:D23) -> 0 | K23: =SUM(F23:J23) -> 0 | L23: =SUM(L22+E23-K23) -> 1915.35
... A42: 31 | E42: =SUM(B42:D42) -> 0 | K42: =SUM(F42:J42) -> 0 | L42: =SUM(L41+E42-K42) -> 1915.35
A43: Total | B43: =SUM(B12:B42) -> 0 | C43: =SUM(C12:C42) -> 0 | D43: =SUM(D12:D42) -> 0 | E43: =SUM(E12:E42) -> 0 | F43: =SUM(F12:F42) -> 0 | G43: =SUM(G12:G42) -> 0 | H43: =SUM(H12:H42) -> 0 | I43: =SUM(I12:I42) -> 0 | ... K43: =SUM(K12:K42) -> 0

Sheet Avril 2026
B1: ACE COMPTA | I1: SASU MARIE MACRI HAIRSTYLE
B2: 15 Rue Jean Mermoz | I2: 5 rue de Turenne
B4: 68127 Sainte-croix-en-plaine | I4: 68000 COLMAR
F6: 168156014 SASU MARIE MACRI HAIRSTYLE
B7: Période: | C7: Avril 2026
B9: RECETTES | F9: DEPENSES
B10: Prestations TTC | C10: Produits TTC | D10: Cartes Cadeaux | E10: Total | F10: Réglements CB | G10: Réglements CB en ligne | H10: Réglements chèques | I10: Réglements cartes cadeaux | J10: Réglements autres | K10: Total | L10: Solde Progressif
A11: Jour | L11: ='Mars 2026'!L42 -> 1915.35
A12: 1 | E12: =SUM(B12:D12) -> 0 | K12: =SUM(F12:J12) -> 0 | L12: =SUM(L11+E12-K12) -> 1915.35
A13: 2 | E13: =SUM(B13:D13) -> 0 | K13: =SUM(F13:J13) -> 0 | L13: =SUM(L12+E13-K13) -> 1915.35
A14: 3 | E14: =SUM(B14:D14) -> 0 | K14: =SUM(F14:J14) -> 0 | L14: =SUM(L13+E14-K14) -> 1915.35
A15: 4 | E15: =SUM(B15:D15) -> 0 | K15: =SUM(F15:J15) -> 0 | L15: =SUM(L14+E15-K15) -> 1915.35
A16: 5 | E16: =SUM(B16:D16) -> 0 | K16: =SUM(F16:J16) -> 0 | L16: =SUM(L15+E16-K16) -> 1915.35
A17: 6 | E17: =SUM(B17:D17) -> 0 | K17: =SUM(F17:J17) -> 0 | L17: =SUM(L16+E17-K17) -> 1915.35
A18: 7 | E18: =SUM(B18:D18) -> 0 | K18: =SUM(F18:J18) -> 0 | L18: =SUM(L17+E18-K18) -> 1915.35
A19: 8 | E19: =SUM(B19:D19) -> 0 | K19: =SUM(F19:J19) -> 0 | L19: =SUM(L18+E19-K19) -> 1915.35
A20: 9 | E20: =SUM(B20:D20) -> 0 | K20: =SUM(F20:J20) -> 0 | L20: =SUM(L19+E20-K20) -> 1915.35
A21: 10 | E21: =SUM(B21:D21) -> 0 | K21: =SUM(F21:J21) -> 0 | L21: =SUM(L20+E21-K21) -> 1915.35
A22: 11 | E22: =SUM(B22:D22) -> 0 | K22: =SUM(F22:J22) -> 0 | L22: =SUM(L21+E22-K22) -> 1915.35
A23: 12 | E23: =SUM(B23:D23) -> 0 | K23: =SUM(F23:J23) -> 0 | L23: =SUM(L22+E23-K23) -> 1915.35
... A41: 30 | E41: =SUM(B41:D41) -> 0 | K41: =SUM(F41:J41) -> 0 | L41: =SUM(L40+E41-K41) -> 1915.35
A42: Total | B42: =SUM(B12:B41) -> 0 | C42: =SUM(C12:C41) -> 0 | D42: =SUM(D12:D41) -> 0 | E42: =SUM(E12:E41) -> 0 | F42: =SUM(F12:F41) -> 0 | G42: =SUM(G12:G41) -> 0 | H42: =SUM(H12:H41) -> 0 | I42: =SUM(I12:I41) -> 0 | ... K42: =SUM(K12:K41) -> 0

Sheet Mai 2026
B1: ACE COMPTA | I1: SASU MARIE MACRI HAIRSTYLE
B2: 15 Rue Jean Mermoz | I2: 5 rue de Turenne
B4: 68127 Sainte-croix-en-plaine | I4: 68000 COLMAR
F6: 168156014 SASU MARIE MACRI HAIRSTYLE
B7: Période: | C7: Mai 2026
B9: RECETTES | F9: DEPENSES
B10: Prestations TTC | C10: Produits TTC | D10: Cartes Cadeaux | E10: Total | F10: Réglements CB | G10: Réglements CB en ligne | H10: Réglements chèques | I10: Réglements cartes cadeaux | J10: Réglements autres | K10: Total | L10: Solde Progressif
A11: Jour | L11: ='Avril 2026'!L41 -> 1915.35
A12: 1 | E12: =SUM(B12:D12) -> 0 | K12: =SUM(F12:J12) -> 0 | L12: =SUM(L11+E12-K12) -> 1915.35
A13: 2 | E13: =SUM(B13:D13) -> 0 | K13: =SUM(F13:J13) -> 0 | L13: =SUM(L12+E13-K13) -> 1915.35
A14: 3 | E14: =SUM(B14:D14) -> 0 | K14: =SUM(F14:J14) -> 0 | L14: =SUM(L13+E14-K14) -> 1915.35
A15: 4 | E15: =SUM(B15:D15) -> 0 | K15: =SUM(F15:J15) -> 0 | L15: =SUM(L14+E15-K15) -> 1915.35
A16: 5 | E16: =SUM(B16:D16) -> 0 | K16: =SUM(F16:J16) -> 0 | L16: =SUM(L15+E16-K16) -> 1915.35
A17: 6 | E17: =SUM(B17:D17) -> 0 | K17: =SUM(F17:J17) -> 0 | L17: =SUM(L16+E17-K17) -> 1915.35
A18: 7 | E18: =SUM(B18:D18) -> 0 | K18: =SUM(F18:J18) -> 0 | L18: =SUM(L17+E18-K18) -> 1915.35
A19: 8 | E19: =SUM(B19:D19) -> 0 | K19: =SUM(F19:J19) -> 0 | L19: =SUM(L18+E19-K19) -> 1915.35
A20: 9 | E20: =SUM(B20:D20) -> 0 | K20: =SUM(F20:J20) -> 0 | L20: =SUM(L19+E20-K20) -> 1915.35
A21: 10 | E21: =SUM(B21:D21) -> 0 | K21: =SUM(F21:J21) -> 0 | L21: =SUM(L20+E21-K21) -> 1915.35
A22: 11 | E22: =SUM(B22:D22) -> 0 | K22: =SUM(F22:J22) -> 0 | L22: =SUM(L21+E22-K22) -> 1915.35
A23: 12 | E23: =SUM(B23:D23) -> 0 | K23: =SUM(F23:J23) -> 0 | L23: =SUM(L22+E23-K23) -> 1915.35
... A42: 31 | E42: =SUM(B42:D42) -> 0 | K42: =SUM(F42:J42) -> 0 | L42: =SUM(L41+E42-K42) -> 1915.35
A43: Total | B43: =SUM(B12:B42) -> 0 | C43: =SUM(C12:C42) -> 0 | D43: =SUM(D12:D42) -> 0 | E43: =SUM(E12:E42) -> 0 | F43: =SUM(F12:F42) -> 0 | G43: =SUM(G12:G42) -> 0 | H43: =SUM(H12:H42) -> 0 | I43: =SUM(I12:I42) -> 0 | ... K43: =SUM(K12:K42) -> 0

Sheet Juin 2026
B1: ACE COMPTA | I1: SASU MARIE MACRI HAIRSTYLE
B2: 15 Rue Jean Mermoz | I2: 5 rue de Turenne
B4: 68127 Sainte-croix-en-plaine | I4: 68000 COLMAR
F6: 168156014 SASU MARIE MACRI HAIRSTYLE
B7: Période: | C7: Juin 2026
B9: RECETTES | F9: DEPENSES
B10: Prestations TTC | C10: Produits TTC | D10: Cartes Cadeaux | E10: Total | F10: Réglements CB | G10: Réglements CB en ligne | H10: Réglements chèques | I10: Réglements cartes cadeaux | J10: Réglements autres | K10: Total | L10: Solde Progressif
A11: Jour | L11: ='Mai 2026'!L42 -> 1915.35
A12: 1 | E12: =SUM(B12:D12) -> 0 | K12: =SUM(F12:J12) -> 0 | L12: =SUM(L11+E12-K12) -> 1915.35
A13: 2 | E13: =SUM(B13:D13) -> 0 | K13: =SUM(F13:J13) -> 0 | L13: =SUM(L12+E13-K13) -> 1915.35
A14: 3 | E14: =SUM(B14:D14) -> 0 | K14: =SUM(F14:J14) -> 0 | L14: =SUM(L13+E14-K14) -> 1915.35
A15: 4 | E15: =SUM(B15:D15) -> 0 | K15: =SUM(F15:J15) -> 0 | L15: =SUM(L14+E15-K15) -> 1915.35
A16: 5 | E16: =SUM(B16:D16) -> 0 | K16: =SUM(F16:J16) -> 0 | L16: =SUM(L15+E16-K16) -> 1915.35
A17: 6 | E17: =SUM(B17:D17) -> 0 | K17: =SUM(F17:J17) -> 0 | L17: =SUM(L16+E17-K17) -> 1915.35
A18: 7 | E18: =SUM(B18:D18) -> 0 | K18: =SUM(F18:J18) -> 0 | L18: =SUM(L17+E18-K18) -> 1915.35
A19: 8 | E19: =SUM(B19:D19) -> 0 | K19: =SUM(F19:J19) -> 0 | L19: =SUM(L18+E19-K19) -> 1915.35
A20: 9 | E20: =SUM(B20:D20) -> 0 | K20: =SUM(F20:J20) -> 0 | L20: =SUM(L19+E20-K20) -> 1915.35
A21: 10 | E21: =SUM(B21:D21) -> 0 | K21: =SUM(F21:J21) -> 0 | L21: =SUM(L20+E21-K21) -> 1915.35
A22: 11 | E22: =SUM(B22:D22) -> 0 | K22: =SUM(F22:J22) -> 0 | L22: =SUM(L21+E22-K22) -> 1915.35
A23: 12 | E23: =SUM(B23:D23) -> 0 | K23: =SUM(F23:J23) -> 0 | L23: =SUM(L22+E23-K23) -> 1915.35
... A41: 30 | E41: =SUM(B41:D41) -> 0 | K41: =SUM(F41:J41) -> 0 | L41: =SUM(L40+E41-K41) -> 1915.35
A42: Total | B42: =SUM(B12:B41) -> 0 | C42: =SUM(C12:C41) -> 0 | D42: =SUM(D12:D41) -> 0 | E42: =SUM(E12:E41) -> 0 | F42: =SUM(F12:F41) -> 0 | G42: =SUM(G12:G41) -> 0 | H42: =SUM(H12:H41) -> 0 | I42: =SUM(I12:I41) -> 0 | ... K42: =SUM(K12:K41) -> 0

Sheet Juillet 2026
B1: ACE COMPTA | I1: SASU MARIE MACRI HAIRSTYLE
B2: 15 Rue Jean Mermoz | I2: 5 rue de Turenne
B4: 68127 Sainte-croix-en-plaine | I4: 68000 COLMAR
F6: 168156014 SASU MARIE MACRI HAIRSTYLE
B7: Période: | C7: Juillet 2026
B9: RECETTES | F9: DEPENSES
B10: Prestations TTC | C10: Produits TTC | D10: Cartes Cadeaux | E10: Total | F10: Réglements CB | G10: Réglements CB en ligne | H10: Réglements chèques | I10: Réglements cartes cadeaux | J10: Réglements autres | K10: Total | L10: Solde Progressif
A11: Jour | L11: ='Juin 2026'!L41 -> 1915.35
A12: 1 | E12: =SUM(B12:D12) -> 0 | K12: =SUM(F12:J12) -> 0 | L12: =SUM(L11+E12-K12) -> 1915.35
A13: 2 | E13: =SUM(B13:D13) -> 0 | K13: =SUM(F13:J13) -> 0 | L13: =SUM(L12+E13-K13) -> 1915.35
A14: 3 | E14: =SUM(B14:D14) -> 0 | K14: =SUM(F14:J14) -> 0 | L14: =SUM(L13+E14-K14) -> 1915.35
A15: 4 | E15: =SUM(B15:D15) -> 0 | K15: =SUM(F15:J15) -> 0 | L15: =SUM(L14+E15-K15) -> 1915.35
A16: 5 | E16: =SUM(B16:D16) -> 0 | K16: =SUM(F16:J16) -> 0 | L16: =SUM(L15+E16-K16) -> 1915.35
A17: 6 | E17: =SUM(B17:D17) -> 0 | K17: =SUM(F17:J17) -> 0 | L17: =SUM(L16+E17-K17) -> 1915.35
A18: 7 | E18: =SUM(B18:D18) -> 0 | K18: =SUM(F18:J18) -> 0 | L18: =SUM(L17+E18-K18) -> 1915.35
A19: 8 | E19: =SUM(B19:D19) -> 0 | K19: =SUM(F19:J19) -> 0 | L19: =SUM(L18+E19-K19) -> 1915.35
A20: 9 | E20: =SUM(B20:D20) -> 0 | K20: =SUM(F20:J20) -> 0 | L20: =SUM(L19+E20-K20) -> 1915.35
A21: 10 | E21: =SUM(B21:D21) -> 0 | K21: =SUM(F21:J21) -> 0 | L21: =SUM(L20+E21-K21) -> 1915.35
A22: 11 | E22: =SUM(B22:D22) -> 0 | K22: =SUM(F22:J22) -> 0 | L22: =SUM(L21+E22-K22) -> 1915.35
A23: 12 | E23: =SUM(B23:D23) -> 0 | K23: =SUM(F23:J23) -> 0 | L23: =SUM(L22+E23-K23) -> 1915.35
... A42: 31 | E42: =SUM(B42:D42) -> 0 | K42: =SUM(F42:J42) -> 0 | L42: =SUM(L41+E42-K42) -> 1915.35
A43: Total | B43: =SUM(B12:B42) -> 0 | C43: =SUM(C12:C42) -> 0 | D43: =SUM(D12:D42) -> 0 | E43: =SUM(E12:E42) -> 0 | F43: =SUM(F12:F42) -> 0 | G43: =SUM(G12:G42) -> 0 | H43: =SUM(H12:H42) -> 0 | I43: =SUM(I12:I42) -> 0 | ... K43: =SUM(K12:K42) -> 0

Sheet Août 2026
B1: ACE COMPTA | I1: SASU MARIE MACRI HAIRSTYLE
B2: 15 Rue Jean Mermoz | I2: 5 rue de Turenne
B4: 68127 Sainte-croix-en-plaine | I4: 68000 COLMAR
F6: 168156014 SASU MARIE MACRI HAIRSTYLE
B7: Période: | C7: Août 2026
B9: RECETTES | F9: DEPENSES
B10: Prestations TTC | C10: Produits TTC | D10: Cartes Cadeaux | E10: Total | F10: Réglements CB | G10: Réglements CB en ligne | H10: Réglements chèques | I10: Réglements cartes cadeaux | J10: Réglements autres | K10: Total | L10: Solde Progressif
A11: Jour | L11: ='Juillet 2026'!L42 -> 1915.35
A12: 1 | E12: =SUM(B12:D12) -> 0 | K12: =SUM(F12:J12) -> 0 | L12: =SUM(L11+E12-K12) -> 1915.35
A13: 2 | E13: =SUM(B13:D13) -> 0 | K13: =SUM(F13:J13) -> 0 | L13: =SUM(L12+E13-K13) -> 1915.35
A14: 3 | E14: =SUM(B14:D14) -> 0 | K14: =SUM(F14:J14) -> 0 | L14: =SUM(L13+E14-K14) -> 1915.35
A15: 4 | E15: =SUM(B15:D15) -> 0 | K15: =SUM(F15:J15) -> 0 | L15: =SUM(L14+E15-K15) -> 1915.35
A16: 5 | E16: =SUM(B16:D16) -> 0 | K16: =SUM(F16:J16) -> 0 | L16: =SUM(L15+E16-K16) -> 1915.35
A17: 6 | E17: =SUM(B17:D17) -> 0 | K17: =SUM(F17:J17) -> 0 | L17: =SUM(L16+E17-K17) -> 1915.35
A18: 7 | E18: =SUM(B18:D18) -> 0 | K18: =SUM(F18:J18) -> 0 | L18: =SUM(L17+E18-K18) -> 1915.35
A19: 8 | E19: =SUM(B19:D19) -> 0 | K19: =SUM(F19:J19) -> 0 | L19: =SUM(L18+E19-K19) -> 1915.35
A20: 9 | E20: =SUM(B20:D20) -> 0 | K20: =SUM(F20:J20) -> 0 | L20: =SUM(L19+E20-K20) -> 1915.35
A21: 10 | E21: =SUM(B21:D21) -> 0 | K21: =SUM(F21:J21) -> 0 | L21: =SUM(L20+E21-K21) -> 1915.35
A22: 11 | E22: =SUM(B22:D22) -> 0 | K22: =SUM(F22:J22) -> 0 | L22: =SUM(L21+E22-K22) -> 1915.35
A23: 12 | E23: =SUM(B23:D23) -> 0 | K23: =SUM(F23:J23) -> 0 | L23: =SUM(L22+E23-K23) -> 1915.35
... A42: 31 | E42: =SUM(B42:D42) -> 0 | K42: =SUM(F42:J42) -> 0 | L42: =SUM(L41+E42-K42) -> 1915.35
A43: Total | B43: =SUM(B12:B42) -> 0 | C43: =SUM(C12:C42) -> 0 | D43: =SUM(D12:D42) -> 0 | E43: =SUM(E12:E42) -> 0 | F43: =SUM(F12:F42) -> 0 | G43: =SUM(G12:G42) -> 0 | H43: =SUM(H12:H42) -> 0 | I43: =SUM(I12:I42) -> 0 | ... K43: =SUM(K12:K42) -> 0

Sheet Septembre 2026
B1: ACE COMPTA | I1: SASU MARIE MACRI HAIRSTYLE
B2: 15 Rue Jean Mermoz | I2: 5 rue de Turenne
B4: 68127 Sainte-croix-en-plaine | I4: 68000 COLMAR
F6: 168156014 SASU MARIE MACRI HAIRSTYLE
B7: Période: | C7: Septembre 2026
B9: RECETTES | F9: DEPENSES
B10: Prestations TTC | C10: Produits TTC | D10: Cartes Cadeaux | E10: Total | F10: Réglements CB | G10: Réglements CB en ligne | H10: Réglements chèques | I10: Réglements cartes cadeaux | J10: Réglements autres | K10: Total | L10: Solde Progressif
A11: Jour | L11: ='Août 2026'!L42 -> 1915.35
A12: 1 | E12: =SUM(B12:D12) -> 0 | K12: =SUM(F12:J12) -> 0 | L12: =SUM(L11+E12-K12) -> 1915.35
A13: 2 | E13: =SUM(B13:D13) -> 0 | K13: =SUM(F13:J13) -> 0 | L13: =SUM(L12+E13-K13) -> 1915.35
A14: 3 | E14: =SUM(B14:D14) -> 0 | K14: =SUM(F14:J14) -> 0 | L14: =SUM(L13+E14-K14) -> 1915.35
A15: 4 | E15: =SUM(B15:D15) -> 0 | K15: =SUM(F15:J15) -> 0 | L15: =SUM(L14+E15-K15) -> 1915.35
A16: 5 | E16: =SUM(B16:D16) -> 0 | K16: =SUM(F16:J16) -> 0 | L16: =SUM(L15+E16-K16) -> 1915.35
A17: 6 | E17: =SUM(B17:D17) -> 0 | K17: =SUM(F17:J17) -> 0 | L17: =SUM(L16+E17-K17) -> 1915.35
A18: 7 | E18: =SUM(B18:D18) -> 0 | K18: =SUM(F18:J18) -> 0 | L18: =SUM(L17+E18-K18) -> 1915.35
A19: 8 | E19: =SUM(B19:D19) -> 0 | K19: =SUM(F19:J19) -> 0 | L19: =SUM(L18+E19-K19) -> 1915.35
A20: 9 | E20: =SUM(B20:D20) -> 0 | K20: =SUM(F20:J20) -> 0 | L20: =SUM(L19+E20-K20) -> 1915.35
A21: 10 | E21: =SUM(B21:D21) -> 0 | K21: =SUM(F21:J21) -> 0 | L21: =SUM(L20+E21-K21) -> 1915.35
A22: 11 | E22: =SUM(B22:D22) -> 0 | K22: =SUM(F22:J22) -> 0 | L22: =SUM(L21+E22-K22) -> 1915.35
A23: 12 | E23: =SUM(B23:D23) -> 0 | K23: =SUM(F23:J23) -> 0 | L23: =SUM(L22+E23-K23) -> 1915.35
... A41: 30 | E41: =SUM(B41:D41) -> 0 | K41: =SUM(F41:J41) -> 0 | L41: =SUM(L40+E41-K41) -> 1915.35
A42: Total | B42: =SUM(B12:B41) -> 0 | C42: =SUM(C12:C41) -> 0 | D42: =SUM(D12:D41) -> 0 | E42: =SUM(E12:E41) -> 0 | F42: =SUM(F12:F41) -> 0 | G42: =SUM(G12:G41) -> 0 | H42: =SUM(H12:H41) -> 0 | I42: =SUM(I12:I41) -> 0 | ... K42: =SUM(K12:K41) -> 0

Sheet Octobre 2026
B1: ACE COMPTA | I1: SASU MARIE MACRI HAIRSTYLE
B2: 15 Rue Jean Mermoz | I2: 5 rue de Turenne
B4: 68127 Sainte-croix-en-plaine | I4: 68000 COLMAR
F6: 168156014 SASU MARIE MACRI HAIRSTYLE
B7: Période: | C7: Octobre 2026
B9: RECETTES | F9: DEPENSES
B10: Prestations TTC | C10: Produits TTC | D10: Cartes Cadeaux | E10: Total | F10: Réglements CB | G10: Réglements CB en ligne | H10: Réglements chèques | I10: Réglements cartes cadeaux | J10: Réglements autres | K10: Total | L10: Solde Progressif
A11: Jour | L11: ='Septembre 2026'!L41 -> 1915.35
A12: 1 | E12: =SUM(B12:D12) -> 0 | K12: =SUM(F12:J12) -> 0 | L12: =SUM(L11+E12-K12) -> 1915.35
A13: 2 | E13: =SUM(B13:D13) -> 0 | K13: =SUM(F13:J13) -> 0 | L13: =SUM(L12+E13-K13) -> 1915.35
A14: 3 | E14: =SUM(B14:D14) -> 0 | K14: =SUM(F14:J14) -> 0 | L14: =SUM(L13+E14-K14) -> 1915.35
A15: 4 | E15: =SUM(B15:D15) -> 0 | K15: =SUM(F15:J15) -> 0 | L15: =SUM(L14+E15-K15) -> 1915.35
A16: 5 | E16: =SUM(B16:D16) -> 0 | K16: =SUM(F16:J16) -> 0 | L16: =SUM(L15+E16-K16) -> 1915.35
A17: 6 | E17: =SUM(B17:D17) -> 0 | K17: =SUM(F17:J17) -> 0 | L17: =SUM(L16+E17-K17) -> 1915.35
A18: 7 | E18: =SUM(B18:D18) -> 0 | K18: =SUM(F18:J18) -> 0 | L18: =SUM(L17+E18-K18) -> 1915.35
A19: 8 | E19: =SUM(B19:D19) -> 0 | K19: =SUM(F19:J19) -> 0 | L19: =SUM(L18+E19-K19) -> 1915.35
A20: 9 | E20: =SUM(B20:D20) -> 0 | K20: =SUM(F20:J20) -> 0 | L20: =SUM(L19+E20-K20) -> 1915.35
A21: 10 | E21: =SUM(B21:D21) -> 0 | K21: =SUM(F21:J21) -> 0 | L21: =SUM(L20+E21-K21) -> 1915.35
A22: 11 | E22: =SUM(B22:D22) -> 0 | K22: =SUM(F22:J22) -> 0 | L22: =SUM(L21+E22-K22) -> 1915.35
A23: 12 | E23: =SUM(B23:D23) -> 0 | K23: =SUM(F23:J23) -> 0 | L23: =SUM(L22+E23-K23) -> 1915.35
... A42: 31 | E42: =SUM(B42:D42) -> 0 | K42: =SUM(F42:J42) -> 0 | L42: =SUM(L41+E42-K42) -> 1915.35
A43: Total | B43: =SUM(B12:B42) -> 0 | C43: =SUM(C12:C42) -> 0 | D43: =SUM(D12:D42) -> 0 | E43: =SUM(E12:E42) -> 0 | F43: =SUM(F12:F42) -> 0 | G43: =SUM(G12:G42) -> 0 | H43: =SUM(H12:H42) -> 0 | I43: =SUM(I12:I42) -> 0 | ... K43: =SUM(K12:K42) -> 0

Sheet Novembre 2026
B1: ACE COMPTA | I1: SASU MARIE MACRI HAIRSTYLE
B2: 15 Rue Jean Mermoz | I2: 5 rue de Turenne
B4: 68127 Sainte-croix-en-plaine | I4: 68000 COLMAR
F6: 168156014 SASU MARIE MACRI HAIRSTYLE
B7: Période: | C7: Novembre 2026
B9: RECETTES | F9: DEPENSES
B10: Prestations TTC | C10: Produits TTC | D10: Cartes Cadeaux | E10: Total | F10: Réglements CB | G10: Réglements CB en ligne | H10: Réglements chèques | I10: Réglements cartes cadeaux | J10: Réglements autres | K10: Total | L10: Solde Progressif
A11: Jour | L11: ='Octobre 2026'!L42 -> 1915.35
A12: 1 | E12: =SUM(B12:D12) -> 0 | K12: =SUM(F12:J12) -> 0 | L12: =SUM(L11+E12-K12) -> 1915.35
A13: 2 | E13: =SUM(B13:D13) -> 0 | K13: =SUM(F13:J13) -> 0 | L13: =SUM(L12+E13-K13) -> 1915.35
A14: 3 | E14: =SUM(B14:D14) -> 0 | K14: =SUM(F14:J14) -> 0 | L14: =SUM(L13+E14-K14) -> 1915.35
A15: 4 | E15: =SUM(B15:D15) -> 0 | K15: =SUM(F15:J15) -> 0 | L15: =SUM(L14+E15-K15) -> 1915.35
A16: 5 | E16: =SUM(B16:D16) -> 0 | K16: =SUM(F16:J16) -> 0 | L16: =SUM(L15+E16-K16) -> 1915.35
A17: 6 | E17: =SUM(B17:D17) -> 0 | K17: =SUM(F17:J17) -> 0 | L17: =SUM(L16+E17-K17) -> 1915.35
A18: 7 | E18: =SUM(B18:D18) -> 0 | K18: =SUM(F18:J18) -> 0 | L18: =SUM(L17+E18-K18) -> 1915.35
A19: 8 | E19: =SUM(B19:D19) -> 0 | K19: =SUM(F19:J19) -> 0 | L19: =SUM(L18+E19-K19) -> 1915.35
A20: 9 | E20: =SUM(B20:D20) -> 0 | K20: =SUM(F20:J20) -> 0 | L20: =SUM(L19+E20-K20) -> 1915.35
A21: 10 | E21: =SUM(B21:D21) -> 0 | K21: =SUM(F21:J21) -> 0 | L21: =SUM(L20+E21-K21) -> 1915.35
A22: 11 | E22: =SUM(B22:D22) -> 0 | K22: =SUM(F22:J22) -> 0 | L22: =SUM(L21+E22-K22) -> 1915.35
A23: 12 | E23: =SUM(B23:D23) -> 0 | K23: =SUM(F23:J23) -> 0 | L23: =SUM(L22+E23-K23) -> 1915.35
... A41: 30 | E41: =SUM(B41:D41) -> 0 | K41: =SUM(F41:J41) -> 0 | L41: =SUM(L40+E41-K41) -> 1915.35
A42: Total | B42: =SUM(B12:B41) -> 0 | C42: =SUM(C12:C41) -> 0 | D42: =SUM(D12:D41) -> 0 | E42: =SUM(E12:E41) -> 0 | F42: =SUM(F12:F41) -> 0 | G42: =SUM(G12:G41) -> 0 | H42: =SUM(H12:H41) -> 0 | I42: =SUM(I12:I41) -> 0 | ... K42: =SUM(K12:K41) -> 0

Sheet Décembre 2026
B1: ACE COMPTA | I1: SASU MARIE MACRI HAIRSTYLE
B2: 15 Rue Jean Mermoz | I2: 5 rue de Turenne
B4: 68127 Sainte-croix-en-plaine | I4: 68000 COLMAR
F6: 168156014 SASU MARIE MACRI HAIRSTYLE
B7: Période: | C7: Décembre 2026
B9: RECETTES | F9: DEPENSES
B10: Prestations TTC | C10: Produits TTC | D10: Cartes Cadeaux | E10: Total | F10: Réglements CB | G10: Réglements CB en ligne | H10: Réglements chèques | I10: Réglements cartes cadeaux | J10: Réglements autres | K10: Total | L10: Solde Progressif
A11: Jour | L11: ='Novembre 2026'!L41 -> 1915.35
A12: 1 | E12: =SUM(B12:D12) -> 0 | K12: =SUM(F12:J12) -> 0 | L12: =SUM(L11+E12-K12) -> 1915.35
A13: 2 | E13: =SUM(B13:D13) -> 0 | K13: =SUM(F13:J13) -> 0 | L13: =SUM(L12+E13-K13) -> 1915.35
A14: 3 | E14: =SUM(B14:D14) -> 0 | K14: =SUM(F14:J14) -> 0 | L14: =SUM(L13+E14-K14) -> 1915.35
A15: 4 | E15: =SUM(B15:D15) -> 0 | K15: =SUM(F15:J15) -> 0 | L15: =SUM(L14+E15-K15) -> 1915.35
A16: 5 | E16: =SUM(B16:D16) -> 0 | K16: =SUM(F16:J16) -> 0 | L16: =SUM(L15+E16-K16) -> 1915.35
A17: 6 | E17: =SUM(B17:D17) -> 0 | K17: =SUM(F17:J17) -> 0 | L17: =SUM(L16+E17-K17) -> 1915.35
A18: 7 | E18: =SUM(B18:D18) -> 0 | K18: =SUM(F18:J18) -> 0 | L18: =SUM(L17+E18-K18) -> 1915.35
A19: 8 | E19: =SUM(B19:D19) -> 0 | K19: =SUM(F19:J19) -> 0 | L19: =SUM(L18+E19-K19) -> 1915.35
A20: 9 | E20: =SUM(B20:D20) -> 0 | K20: =SUM(F20:J20) -> 0 | L20: =SUM(L19+E20-K20) -> 1915.35
A21: 10 | E21: =SUM(B21:D21) -> 0 | K21: =SUM(F21:J21) -> 0 | L21: =SUM(L20+E21-K21) -> 1915.35
A22: 11 | E22: =SUM(B22:D22) -> 0 | K22: =SUM(F22:J22) -> 0 | L22: =SUM(L21+E22-K22) -> 1915.35
A23: 12 | E23: =SUM(B23:D23) -> 0 | K23: =SUM(F23:J23) -> 0 | L23: =SUM(L22+E23-K23) -> 1915.35
... A42: 31 | E42: =SUM(B42:D42) -> 0 | K42: =SUM(F42:J42) -> 0 | L42: =SUM(L41+E42-K42) -> 1915.35
A43: Total | B43: =SUM(B12:B42) -> 0 | C43: =SUM(C12:C42) -> 0 | D43: =SUM(D12:D42) -> 0 | E43: =SUM(E12:E42) -> 0 | F43: =SUM(F12:F42) -> 0 | G43: =SUM(G12:G42) -> 0 | H43: =SUM(H12:H42) -> 0 | I43: =SUM(I12:I42) -> 0 | ... K43: =SUM(K12:K42) -> 0
